url,title,date
https://www.metropoles.com/distrito-federal/saude-do-df-colapsa-97-dos-leitos-da-rede-publica-estao-ocupados,Saúde do DF colapsa: 97% dos leitos da rede pública estão ocupados,28/02/2021 16:37:07
https://www.metropoles.com/distrito-federal/apos-lockdown-no-df-unb-adia-terceira-etapa-do-pas,Após lockdown no DF UnB adia terceira etapa do PAS,28/02/2021 16:11:04
https://www.metropoles.com/distrito-federal/passagens-de-onibus-do-entorno-para-o-df-aumentam-neste-domingo,Passagens de ônibus do Entorno para o DF aumentam neste domingo,28/02/2021 15:13:09
https://www.metropoles.com/distrito-federal/transito-df/distrito-federal-transito-df/chefe-de-vigilancia-de-presidio-do-df-morre-vitima-da-covid-19,Chefe de vigilância de presídio do DF morre vítima da Covid-19,28/02/2021 14:31:41
https://www.metropoles.com/distrito-federal/df-legal-faz-operacao-na-primeira-madrugada-de-lockdown,DF Legal faz operação na primeira madrugada de lockdown,28/02/2021 13:56:11
https://www.metropoles.com/distrito-federal/contra-lockdown-manifestantes-vao-a-casa-do-governador-ibaneis,Contra lockdown manifestantes vão à casa do governador Ibaneis,28/02/2021 12:48:00
https://www.metropoles.com/colunas/grande-angular/brb-lanca-programa-de-r-25-bi-para-socorrer-pessoas-fisicas-e-empresarios,BRB lança programa de R$ 25 bi para socorrer pessoas físicas e empresários,28/02/2021 12:46:29
https://www.metropoles.com/distrito-federal/secretaria-de-saude-afirma-que-76-pessoas-estao-a-espera-de-utis-no-df,Secretaria de Saúde afirma que 76 pessoas estão à espera de UTIs no DF,28/02/2021 11:15:40
https://www.metropoles.com/distrito-federal/domingo-comeca-com-comercio-do-df-obedecendo-o-lockdown,Domingo começa com comércio do DF obedecendo o lockdown,28/02/2021 10:59:06
https://www.metropoles.com/distrito-federal/com-lockdown-cldf-reforca-restricoes-e-vai-priorizar-o-teletrabalho,Com lockdown CLDF reforça restrições e vai priorizar o teletrabalho,28/02/2021 10:03:53
https://www.metropoles.com/distrito-federal/videos-bombeiros-retiram-das-ferragens-vitimas-de-acidente-no-df,Vídeos: bombeiros retiram das ferragens vítimas de acidente no DF,28/02/2021 09:38:15
https://www.metropoles.com/distrito-federal/mulher-e-atropelada-duas-vezes-e-morre-em-via-do-df,Mulher é atropelada duas vezes e morre em via do DF,28/02/2021 08:20:44
https://www.metropoles.com/distrito-federal/maioria-dos-bares-cumpre-decreto-nas-primeiras-horas-de-lockdown-no-df,Maioria dos bares cumpre decreto nas primeiras horas de lockdown no DF,28/02/2021 01:13:35
https://www.metropoles.com/distrito-federal/bolsonaro-compartilha-video-de-empresaria-do-df-povo-quer-trabalhar,Bolsonaro compartilha vídeo de empresária do DF: &#8220;Povo quer trabalhar&#8221;,27/02/2021 23:05:19
https://www.metropoles.com/distrito-federal/videos-na-vespera-do-lockdown-bares-do-df-ficam-lotados,Vídeos: na véspera do lockdown bares do DF ficam lotados,27/02/2021 21:23:59
https://www.metropoles.com/distrito-federal/oficinas-mecanicas-e-lojas-de-veiculos-abrem-durante-lockdown-no-df,Oficinas mecânicas e lojas de veículos abrem durante lockdown no DF,27/02/2021 19:54:27
https://www.metropoles.com/distrito-federal/efeito-lockdown-tjdft-suspende-audiencias-e-sessoes-presenciais,Efeito lockdown: TJDFT suspende audiências e sessões presenciais,27/02/2021 19:35:15
https://www.metropoles.com/distrito-federal/df-media-movel-de-mortes-por-covid-vai-a-12-taxa-de-leitos-e-de-80,DF: média móvel de mortes por Covid vai a 12. Taxa de leitos é de 80%,27/02/2021 18:57:52
https://www.metropoles.com/distrito-federal/cursos-de-formacao-de-pms-e-bombeiros-do-df-continuarao-no-lockdown,Cursos de formação de PMs e bombeiros do DF continuarão no lockdown,27/02/2021 17:24:16
https://www.metropoles.com/distrito-federal/lockdown-no-df-parque-da-cidade-e-zoologico-permanecerao-abertos,Lockdown no DF: Parque da Cidade e Zoológico permanecerão abertos,27/02/2021 16:56:30
https://www.metropoles.com/colunas/grande-angular/decreto-inclui-construcao-civil-no-rol-de-servicos-essenciais-do-df,Decreto inclui construção civil no rol de serviços essenciais do DF,27/02/2021 16:40:27
https://www.metropoles.com/distrito-federal/ibaneis-edita-novo-decreto-permitindo-funcionamento-de-mais-atividades,Ibaneis edita novo decreto permitindo funcionamento de mais atividades,27/02/2021 15:31:49
https://www.metropoles.com/colunas/janela-indiscreta/brb-libera-r-521-milhoes-para-financiar-retomada-de-turismo-no-df,BRB libera R$ 521 milhões para financiar retomada de turismo no DF,27/02/2021 15:14:14
https://www.metropoles.com/distrito-federal/ibaneis-diz-que-igrejas-funcionarao-por-lei-sou-obrigado-a-cumprir,Ibaneis diz que igrejas funcionarão por lei: &#8220;Sou obrigado a cumprir&#8221;,27/02/2021 15:11:14
https://www.metropoles.com/colunas/janela-indiscreta/presidente-do-sindsaude-df-esta-internada-apos-cirurgia-no-cerebro,Presidente do SindSaúde-DF está internada após cirurgia no cérebro,27/02/2021 15:02:25
https://www.metropoles.com/colunas/grande-angular/ibaneis-e-convidado-para-festa-de-casamento-mas-recusa-fiqueemcasa,Ibaneis é convidado para festa de casamento mas recusa: #fiqueemcasa,27/02/2021 14:31:40
https://www.metropoles.com/distrito-federal/tivemos-que-mandar-um-recado-forte-a-sociedade-diz-ibaneis,&#8220;Tivemos que mandar um recado forte à sociedade&#8221; diz Ibaneis,27/02/2021 13:04:57
https://www.metropoles.com/distrito-federal/lockdown-no-df-vai-durar-15-dias-e-atividades-voltarao-aos-poucos,Lockdown no DF vai durar 15 dias e atividades voltarão aos poucos,27/02/2021 12:29:18
https://www.metropoles.com/distrito-federal/com-lockdown-no-df-unb-ainda-nao-decidiu-se-mantem-aplicacao-do-pas,Com lockdown no DF UnB ainda não decidiu se mantém aplicação do PAS,27/02/2021 11:51:49
https://www.metropoles.com/distrito-federal/vigilante-atira-em-homem-que-furtava-posto-da-semob-na-rodoviaria,Vigilante atira em homem que furtava posto da Semob na Rodoviária,27/02/2021 10:47:22
https://www.metropoles.com/distrito-federal/empresarios-preparam-protestos-contra-novo-lockdown-imposto-no-df,Empresários preparam protestos contra novo lockdown imposto no DF,27/02/2021 09:19:44
https://www.metropoles.com/distrito-federal/polemica-lei-do-df-impede-que-igrejas-sejam-atingidas-por-lockdown,Polêmica: lei do DF impede que igrejas sejam atingidas por lockdown,27/02/2021 04:55:22
https://www.metropoles.com/distrito-federal/ratos-e-comida-podre-pacientes-relatam-tortura-em-clinica-do-entorno,Ratos e comida podre: pacientes relatam tortura em clínica do Entorno,27/02/2021 04:45:04
https://www.metropoles.com/distrito-federal/pcdf-prende-traficante-e-recolhe-drogas-armas-e-municao,PCDF prende traficante e recolhe drogas armas e munição,26/02/2021 22:53:25
https://www.metropoles.com/distrito-federal/pcdf-prende-homem-que-matou-desafeto-a-tiros-no-df,PCDF prende homem que matou desafeto a tiros no DF,26/02/2021 22:16:45
https://www.metropoles.com/distrito-federal/saude-abre-16-novos-leitos-de-uti-covid-19-no-df-nesta-sexta,Saúde abre 16 novos leitos de UTI Covid-19 no DF nesta sexta,26/02/2021 22:03:22
https://www.metropoles.com/distrito-federal/para-obedecer-lockdown-no-df-cnj-determina-trabalho-remoto,Para obedecer lockdown no DF CNJ determina trabalho remoto,26/02/2021 21:51:00
https://www.metropoles.com/distrito-federal/ibaneis-sobre-lockdown-no-df-nao-fico-feliz-mas-e-necessario,Ibaneis sobre lockdown no DF: &#8220;Não fico feliz mas é necessário&#8221;,26/02/2021 21:43:55
https://www.metropoles.com/distrito-federal/mulher-que-esfaqueou-marido-no-df-e-presa-por-homicidio-qualificado,Mulher que esfaqueou marido no DF é presa por homicídio qualificado,26/02/2021 21:38:16
https://www.metropoles.com/distrito-federal/decreto-de-lockdown-nao-afeta-transporte-publico-no-distrito-federal,Decreto de lockdown não afeta transporte público no Distrito Federal,26/02/2021 21:35:50
https://www.metropoles.com/distrito-federal/saiba-de-quanto-sera-a-multa-no-df-para-quem-desrespeitar-o-lockdown,Saiba de quanto será a multa no DF para quem desrespeitar o lockdown,26/02/2021 21:29:02
https://www.metropoles.com/distrito-federal/codhab-divulga-edital-para-construcao-de-moradias-em-ceilandia,Codhab divulga edital para construção de moradias em Ceilândia,26/02/2021 20:59:19
https://www.metropoles.com/distrito-federal/policia-prende-usuario-de-drogas-que-matou-outro-a-pauladas-no-guara,Polícia prende usuário de drogas que matou outro a pauladas no Guará,26/02/2021 20:54:30
https://www.metropoles.com/distrito-federal/com-lockdown-no-df-candangao-2021-sera-suspenso-apos-jogo-de-sabado,Com lockdown no DF Candangão 2021 será suspenso após jogos de sábado,26/02/2021 20:50:40
https://www.metropoles.com/colunas/janela-indiscreta/delivery-drive-thru-e-take-out-podem-funcionar-durante-lockdown-no-df,Delivery drive-thru e take-out podem funcionar durante lockdown no DF,26/02/2021 20:37:42
https://www.metropoles.com/distrito-federal/lockdown-decretado-no-df-nao-afetara-voos-no-aeroporto-de-brasilia,Lockdown decretado no DF não afetará voos no aeroporto de Brasília,26/02/2021 20:22:24
https://www.metropoles.com/distrito-federal/bares-restaurantes-e-hoteis-preveem-mais-demissoes-com-lockdown-no-df,Bares restaurantes e hotéis preveem mais demissões com lockdown no DF,26/02/2021 20:14:10
https://www.metropoles.com/distrito-federal/missas-cultos-e-rituais-poderao-ser-realizados-durante-lockdown-no-df,Missas cultos e rituais poderão ser realizados durante lockdown no DF,26/02/2021 20:12:21
https://www.metropoles.com/distrito-federal/nesta-semana-13-mil-pessoas-marcaram-hora-para-tomar-vacina-no-df,Nesta semana 13 mil pessoas marcaram hora para tomar vacina no DF,26/02/2021 19:53:01
https://www.metropoles.com/distrito-federal/saloes-de-beleza-e-barbearias-ficarao-fechados-durante-lockdown-no-df,Salões de beleza e barbearias ficarão fechados durante lockdown no DF,26/02/2021 19:50:47
https://www.metropoles.com/colunas/grande-angular/trt-10-suspende-retorno-ao-trabalho-presencial-a-partir-de-1o-de-marco,TRT-10 suspende retorno ao trabalho presencial a partir de 1º de março,26/02/2021 19:44:34
https://www.metropoles.com/colunas/janela-indiscreta/decreto-do-gdf-fechara-parques-e-academias-locais-a-partir-de-domingo,Decreto do GDF fechará parques e academias locais a partir de domingo,26/02/2021 19:40:04
https://www.metropoles.com/distrito-federal/confira-na-integra-o-decreto-que-estabelece-lockdown-total-no-df,Confira na íntegra o decreto que estabelece lockdown total no DF,26/02/2021 19:39:02
https://www.metropoles.com/distrito-federal/media-movel-de-mortes-por-covid-19-no-df-e-a-maior-desde-10-1,Média móvel de mortes por Covid-19 no DF é a maior desde 10 de janeiro,26/02/2021 19:38:16
https://www.metropoles.com/colunas/grande-angular/bb-diz-que-o-presidente-andre-brandao-nao-pediu-renuncia-do-cargo,BB diz que o presidente André Brandão não pediu renúncia do cargo,26/02/2021 19:13:21
https://www.metropoles.com/distrito-federal/com-lockdown-total-veja-o-que-abre-e-o-que-fecha-no-distrito-federal,Com lockdown total veja o que abre e o que fecha no Distrito Federal,26/02/2021 19:03:54
https://www.metropoles.com/distrito-federal/supermercados-do-df-permanecerao-abertos-no-lockdown,Supermercados do DF permanecerão abertos no lockdown,26/02/2021 18:58:59
https://www.metropoles.com/distrito-federal/no-df-74-brasilienses-estao-na-lista-de-espera-por-um-leito-de-uti,No DF 74 brasilienses estão na lista de espera por um leito de UTI,26/02/2021 18:45:53
https://www.metropoles.com/distrito-federal/com-lockdown-escolas-privadas-do-df-fecham-para-ensino-presencial,Com lockdown escolas privadas do DF fecham para ensino presencial,26/02/2021 18:07:33
https://www.metropoles.com/colunas/grande-angular/andre-brandao-pede-para-sair-do-bb-presidente-do-brb-e-cotado,André Brandão pede para sair do BB. Presidente do BRB é cotado,26/02/2021 17:51:41
https://www.metropoles.com/distrito-federal/trator-derruba-poste-no-df-e-fiacao-cai-sobre-carros,Trator derruba poste no DF e fiação cai sobre carros,26/02/2021 17:06:39
https://www.metropoles.com/distrito-federal/por-aglomeracao-durante-jogo-bar-do-df-e-multado-em-mais-de-r-7-mil,Por aglomeração durante jogo bar do DF é multado em mais de R$ 7 mil,26/02/2021 17:03:21
https://www.metropoles.com/distrito-federal/ibaneis-antecipa-inicio-do-lockdown-que-sera-total-no-df,Ibaneis antecipa início do lockdown que será total no DF,26/02/2021 16:43:44
https://www.metropoles.com/distrito-federal/df-tem-so-1-leito-de-uti-adulto-vago-em-hospitais-publicos-e-privados,DF tem só 1 leito de UTI adulto vago em hospitais públicos e privados,26/02/2021 16:31:08
https://www.metropoles.com/colunas/janela-indiscreta/com-lockdown-gdf-autoriza-retomada-de-teletrabalho-para-servidor,Com lockdown GDF autoriza retomada de teletrabalho para servidor,26/02/2021 16:16:48
https://www.metropoles.com/colunas/grande-angular/vice-presidente-do-trt-10-derruba-liminar-e-libera-privatizacao-da-ceb,Vice-presidente do TRT-10 derruba liminar e libera privatização da CEB,26/02/2021 15:25:34
https://www.metropoles.com/colunas/grande-angular/academias-e-saloes-de-beleza-do-df-sao-proibidos-de-funcionar-apos-20h,Academias e salões de beleza do DF são proibidos de funcionar após 20h,26/02/2021 14:51:46
https://www.metropoles.com/distrito-federal/delivery-e-drive-thru-estao-autorizados-a-funcionar-apos-as-20h-no-df,Delivery e drive-thru estão autorizados a funcionar após as 20h no DF,26/02/2021 14:40:38
https://www.metropoles.com/colunas/janela-indiscreta/df-no-lockdown-igrejas-e-templos-devem-funcionar-com-distanciamento,DF: no lockdown igrejas e templos devem funcionar com distanciamento,26/02/2021 14:31:08
https://www.metropoles.com/colunas/grande-angular/lockdown-decreto-lista-o-que-pode-funcionar-a-partir-das-20h-no-df,Lockdown: decreto lista o que pode funcionar a partir das 20h no DF,26/02/2021 14:18:35
https://www.metropoles.com/distrito-federal/gdf-avalia-suspender-aulas-presenciais-em-escolas-particulares,GDF avalia suspender aulas presenciais em escolas particulares,26/02/2021 13:48:41
https://www.metropoles.com/colunas/janela-indiscreta/apos-lockdown-ibaneis-anuncia-mais-60-leitos-de-uti-para-covid-19,Após lockdown Ibaneis anuncia mais 60 leitos de UTI para Covid-19,26/02/2021 13:35:57
https://www.metropoles.com/colunas/grande-angular/gdf-vai-proibir-venda-de-bebidas-alcoolicas-a-partir-das-20h,GDF vai proibir venda de bebidas alcoólicas a partir das 20h,26/02/2021 13:28:28
https://www.metropoles.com/distrito-federal/cldf-distritais-aprovam-lockdown-mas-oposicao-pede-mais-acoes,CLDF: distritais aprovam lockdown mas oposição pede mais ações,26/02/2021 12:56:47
https://www.metropoles.com/distrito-federal/gdf-abre-licitacao-para-reformar-piscinas-do-complexo-claudio-coutinho,GDF abre licitação para reformar piscinas do Complexo Cláudio Coutinho,26/02/2021 12:34:50
https://www.metropoles.com/distrito-federal/planaltina-reativa-linha-de-onibus-para-unidade-basica-de-saude,Planaltina reativa linha de ônibus para Unidade Básica de Saúde,26/02/2021 12:16:10
https://www.metropoles.com/distrito-federal/defesa-civil-alerta-para-chuva-intensa-no-df-nesta-sexta-feira,Defesa Civil alerta para chuva intensa no DF nesta sexta-feira,26/02/2021 12:12:08
https://www.metropoles.com/colunas/grande-angular/iges-df-poupa-servidores-em-cargos-de-chefia-de-regressarem-ao-gdf,Iges-DF poupa servidores em cargos de chefia de regressarem ao GDF,26/02/2021 12:05:16
https://www.metropoles.com/distrito-federal/associacao-de-shoppings-pede-que-o-gdf-flexibilize-lockdown,Associação de Shoppings pede que o GDF flexibilize lockdown,26/02/2021 12:02:57
https://www.metropoles.com/distrito-federal/pcdf-prende-homem-que-matou-o-sobrinho-da-ex-companheira,PCDF prende homem que matou o sobrinho da ex-companheira,26/02/2021 11:41:29
https://www.metropoles.com/distrito-federal/para-evitar-demissoes-abrasel-pede-lockdown-as-22h-por-duas-semanas,Para evitar demissões Abrasel pede lockdown às 22h por duas semanas,26/02/2021 11:25:59
https://www.metropoles.com/distrito-federal/pcdf-divulga-retrato-falado-dos-suspeitos-de-matar-mulher-em-roubo,PCDF divulga retrato falado dos suspeitos de matar mulher em roubo,26/02/2021 11:14:41
https://www.metropoles.com/distrito-federal/metro-df-tera-funcionamento-normal-durante-o-lockdown,Metrô-DF terá funcionamento normal durante o lockdown,26/02/2021 11:04:29
https://www.metropoles.com/distrito-federal/lockdown-das-20h-as-5h-tera-duracao-minima-de-14-dias-afirma-ibaneis,Lockdown das 20h às 5h terá duração mínima de 14 dias afirma Ibaneis,26/02/2021 10:42:08
https://www.metropoles.com/distrito-federal/df-comeca-a-vacinacao-de-idosos-a-partir-de-76-anos-com-filas-grandes,DF começa a vacinação de idosos a partir de 76 anos com filas grandes,26/02/2021 10:11:10
https://www.metropoles.com/distrito-federal/df-saude-diz-que-ja-recebeu-11-mil-doses-da-coronavac,DF: Saúde diz que já recebeu 11 mil doses da Coronavac,26/02/2021 10:04:37
https://www.metropoles.com/distrito-federal/video-acidente-com-brt-no-balao-do-aeroporto-deixa-dois-feridos,Vídeo: acidente com BRT no balão do Aeroporto deixa dois feridos,26/02/2021 09:00:42
https://www.metropoles.com/distrito-federal/site-de-agendamento-da-vacinacao-no-df-volta-a-ficar-instavel,Site de agendamento da vacinação no DF volta a ficar instável,26/02/2021 08:53:09
https://www.metropoles.com/distrito-federal/gdf-publica-edital-para-selecao-de-instrutor-do-sistema-socioeducativo,GDF publica edital para seleção de instrutor do sistema socioeducativo,26/02/2021 08:13:37
https://www.metropoles.com/distrito-federal/suspeitos-de-cometer-roubo-com-restricao-de-liberdade-sao-presos-no-df,Suspeitos de cometer roubo com restrição de liberdade são presos no DF,26/02/2021 07:59:41
https://www.metropoles.com/distrito-federal/agencias-do-trabalhador-do-df-tem-287-vagas-salarios-vao-ate-r-3-982,Agências do trabalhador do DF têm 287 vagas. Salários vão até R$ 3.982,26/02/2021 07:52:25
https://www.metropoles.com/distrito-federal/pmdf-apreende-carga-ilegal-de-cerveja-avaliada-em-r-195-mil,PMDF apreende carga ilegal de cerveja avaliada em R$ 195 mil,26/02/2021 07:38:45
https://www.metropoles.com/distrito-federal/policia-militar-do-df-prende-homem-que-fugiu-da-papuda-seis-vezes,Polícia Militar do DF prende homem que fugiu da Papuda seis vezes,26/02/2021 07:28:03
https://www.metropoles.com/distrito-federal/videos-brasilienses-se-aglomeram-em-bares-e-ruas-em-jogo-do-flamengo,Vídeos: brasilienses se aglomeram em bares e ruas em jogo do Flamengo,26/02/2021 07:20:04
https://www.metropoles.com/distrito-federal/pais-de-aluno-humilhado-em-escola-do-df-pedem-r-133-mil-na-justica,Pais de aluno humilhado em escola do DF pedem R$ 133 mil na Justiça,26/02/2021 04:51:05
https://www.metropoles.com/distrito-federal/tres-regioes-do-df-ficam-sem-energia-nesta-sexta-feira,Três regiões do DF ficam sem energia nesta sexta-feira,26/02/2021 04:45:57
https://www.metropoles.com/distrito-federal/a-espera-da-vacina-por-idade-veja-quantos-idosos-estao-na-fila-no-df,À espera da vacina: por idade veja quantos idosos estão na fila no DF,26/02/2021 04:45:53
https://www.metropoles.com/distrito-federal/golpe-do-envelope-faz-vitimas-no-df-saiba-como-se-proteger,Golpe do envelope faz vítimas no DF. Saiba como se proteger,26/02/2021 04:45:27
https://www.metropoles.com/distrito-federal/df-inicia-vacinacao-para-idosos-de-76-a-78-anos-saiba-como-funcionara,DF inicia vacinação para idosos de 76 a 78 anos. Saiba como funcionará,26/02/2021 04:45:23
https://www.metropoles.com/distrito-federal/apesar-da-alta-ocupacao-das-utis-gdf-mantem-cirurgias-eletivas,Apesar da alta ocupação das UTIs GDF mantém cirurgias eletivas,26/02/2021 00:01:15
https://www.metropoles.com/distrito-federal/confira-resultado-do-sorteio-das-147-unidades-do-parque-dos-ipes,Confira resultado do sorteio das 147 unidades do Parque dos Ipês,25/02/2021 23:32:57
https://www.metropoles.com/distrito-federal/lockdown-shoppings-do-df-avaliam-funcionamento-das-8h-as-20h,Lockdown: shoppings do DF avaliam funcionamento das 8h às 20h,25/02/2021 23:30:43
https://www.metropoles.com/distrito-federal/lockdown-a-partir-das-20h-matara-bares-e-restaurantes-diz-sindhobar,Lockdown a partir das 20h &#8220;matará bares e restaurantes&#8221; diz Sindhobar,25/02/2021 23:07:08
https://www.metropoles.com/distrito-federal/reclamacao-de-barulho-de-vizinho-termina-em-prisao-e-mulher-cega-no-df,Reclamação de barulho de vizinho termina em prisão e mulher cega no DF,25/02/2021 23:04:51
https://www.metropoles.com/colunas/grande-angular/volta-das-aulas-presenciais-na-rede-publica-e-adiada-no-df,Volta das aulas presenciais na rede pública é adiada no DF,25/02/2021 22:40:47
https://www.metropoles.com/colunas/grande-angular/ibaneis-decreta-lockdown-no-df-a-partir-de-segunda-feira,Ibaneis decreta lockdown no DF a partir de segunda-feira,25/02/2021 21:52:44
https://www.metropoles.com/distrito-federal/mais-de-2-mil-pessoas-marcam-hora-para-receber-imunizacao-no-df,Mais de 2 mil pessoas marcam hora para receber imunização no DF,25/02/2021 20:24:53
https://www.metropoles.com/distrito-federal/media-movel-de-mortes-por-covid-19-no-df-sobe-para-11-a-maior-em-2021,Média móvel de mortes por Covid-19 no DF sobe para 11 a maior em 2021,25/02/2021 19:50:57
https://www.metropoles.com/distrito-federal/sepultamentos-no-df-aumentaram-241-em-2020,Sepultamentos no DF aumentaram 241% em 2020,25/02/2021 19:49:06
https://www.metropoles.com/colunas/janela-indiscreta/nao-tem-acordo-para-aula-presencial-reforca-diretora-do-sinpro-df,&#8220;Não tem acordo para aula presencial&#8221; reforça diretora do Sinpro-DF,25/02/2021 19:25:21
https://www.metropoles.com/distrito-federal/homem-que-fazia-poda-de-arvore-leva-choque-e-morre-no-df,Homem que fazia poda de árvore leva choque e morre no DF,25/02/2021 19:11:21
https://www.metropoles.com/distrito-federal/visitas-sao-suspensas-em-bloco-da-papuda-apos-novo-caso-de-covid-19,Visitas são suspensas em bloco da Papuda após novo caso de Covid-19,25/02/2021 19:00:22
https://www.metropoles.com/distrito-federal/gdf-passara-a-receber-pelo-atendimento-de-pacientes-do-entorno,GDF passará a receber pelo atendimento de pacientes do Entorno,25/02/2021 18:47:44
https://www.metropoles.com/colunas/janela-indiscreta/pt-df-representa-contra-ibaneis-no-mpe-por-propaganda-antecipada,PT-DF representa contra Ibaneis no MPE por &#8220;propaganda antecipada&#8221;,25/02/2021 18:42:06
https://www.metropoles.com/colunas/grande-angular/tjdft-mantem-tornozeleira-eletronica-em-ex-secretario-adjunto-de-saude,TJDFT mantém tornozeleira eletrônica em ex-secretário adjunto de Saúde,25/02/2021 18:35:46
https://www.metropoles.com/distrito-federal/secretario-de-saude-diz-que-20-dos-vacinados-no-df-sao-de-outras-ufs,Secretário de Saúde diz que 20% dos vacinados no DF são de outras UFs,25/02/2021 18:00:27
https://www.metropoles.com/colunas/janela-indiscreta/por-condenacao-cnc-abre-processo-contra-candidato-da-fecomercio-df,Por condenação CNC abre processo contra candidato da Fecomércio-DF,25/02/2021 17:55:15
https://www.metropoles.com/distrito-federal/variantes-da-covid-19-podem-levar-df-a-novo-lockdown-diz-ibaneis,Variantes da Covid-19 podem levar DF a novo lockdown diz Ibaneis,25/02/2021 17:34:54
https://www.metropoles.com/distrito-federal/site-para-agendamento-de-vacina-contra-covid-19-no-df-sai-do-ar,Site para agendamento de vacina contra Covid-19 no DF sai do ar,25/02/2021 17:21:56
https://www.metropoles.com/distrito-federal/homem-que-matou-os-pais-e-feriu-a-irma-em-aguas-claras-e-mantido-preso,Homem que matou os pais e feriu a irmã em Águas Claras é mantido preso,25/02/2021 16:50:48
https://www.metropoles.com/distrito-federal/ibaneis-diz-nao-descartar-lockdown-em-divisas-com-cidades-do-entorno,Ibaneis diz não descartar lockdown em divisas com cidades do Entorno,25/02/2021 16:49:18
https://www.metropoles.com/distrito-federal/ibaneis-autoriza-brb-a-abrir-linha-de-credito-a-empresas-do-entorno,Ibaneis autoriza BRB a abrir linha de crédito a empresas do Entorno,25/02/2021 16:22:56
https://www.metropoles.com/distrito-federal/video-caminhonete-fica-destruida-apos-batida-na-vila-telebrasilia,Vídeo. Caminhonete fica destruída após batida na Vila Telebrasília,25/02/2021 16:13:00
https://www.metropoles.com/colunas/grande-angular/wajngarten-deve-deixar-secom-almirante-rocha-e-cotado-para-o-cargo,Wajngarten deve deixar Secom. Almirante Rocha é cotado para o cargo,25/02/2021 16:00:42
https://www.metropoles.com/colunas/grande-angular/projeto-quer-liberar-pets-de-pequeno-porte-nas-dependencias-da-cldf,Projeto quer liberar pets de pequeno porte nas dependências da CLDF,25/02/2021 15:53:07
https://www.metropoles.com/distrito-federal/prefeitos-do-entorno-a-ibaneis-nao-podemos-ficar-neste-fogo-cruzado,Prefeitos do Entorno a Ibaneis: &#8220;Não podemos ficar neste fogo cruzado&#8221;,25/02/2021 15:34:57
https://www.metropoles.com/distrito-federal/sinpol-df-critica-pec-emergencial-e-pede-ao-senado-mudancas-no-texto,Sinpol-DF critica PEC Emergencial e pede ao Senado mudanças no texto,25/02/2021 14:55:53
https://www.metropoles.com/colunas/grande-angular/pcdob-entra-com-acao-no-stf-pedindo-anulacao-do-leilao-de-venda-da-ceb,PCdoB entra com ação no STF pedindo anulação do leilão de venda da CEB,25/02/2021 14:43:38
https://www.metropoles.com/distrito-federal/senac-df-abre-inscricoes-para-4-383-vagas-gratuitas-de-qualificacao,Senac-DF abre inscrições para 4.383 vagas gratuitas de qualificação,25/02/2021 13:52:38
https://www.metropoles.com/distrito-federal/entorno/pastor-e-preso-por-manter-pacientes-de-clinica-em-carcere-privado,Pastor é preso por manter pacientes de clínica em cárcere privado,25/02/2021 13:17:33
https://www.metropoles.com/distrito-federal/ibaneis-sobre-11-mil-doses-da-coronavac-creio-que-cheguem-em-marco,Ibaneis sobre 11 mil doses da Coronavac: &#8220;Creio que cheguem em março&#8221;,25/02/2021 13:11:26
https://www.metropoles.com/distrito-federal/pmdf-detem-uma-mulher-e-uma-adolescente-por-roubo-em-escola,PMDF detém uma mulher e uma adolescente por roubo em escola,25/02/2021 13:08:47
https://www.metropoles.com/distrito-federal/covid-19-vacinacao-de-idosos-sera-apenas-por-agendamento-no-df,Covid-19: vacinação de idosos será apenas por agendamento no DF,25/02/2021 12:59:55
https://www.metropoles.com/distrito-federal/pcdf-deflagra-operacao-e-prende-acusado-de-furtos-no-lago-sul,PCDF deflagra operação e prende acusado de furtos no Lago Sul,25/02/2021 12:49:39
https://www.metropoles.com/distrito-federal/volta-as-aulas-presenciais-na-rede-publica-e-urgente-diz-ibaneis,Volta às aulas presenciais na rede pública &#8220;é urgente&#8221; diz Ibaneis,25/02/2021 11:42:36
https://www.metropoles.com/distrito-federal/telecovid-acaba-nesta-sexta-feira-veja-como-agendar-a-vacinacao-no-df,Telecovid acaba nesta sexta-feira. Veja como agendar a vacinação no DF,25/02/2021 11:27:54
https://www.metropoles.com/distrito-federal/duas-regioes-do-df-recebem-melhorias-na-rede-de-abastecimento-de-agua,Duas regiões do DF recebem melhorias na rede de abastecimento de água,25/02/2021 10:56:25
https://www.metropoles.com/distrito-federal/saude-do-df-abre-pregao-de-r-116-milhoes-para-compra-de-seringas,Saúde do DF abre pregão de R$ 116 milhões para compra de seringas,25/02/2021 10:26:25
https://www.metropoles.com/distrito-federal/video-pm-encontra-plantacao-de-maconha-em-chacara-do-distrito-federal,Vídeo: PM encontra plantação de maconha em chácara do Distrito Federal,25/02/2021 10:14:11
https://www.metropoles.com/distrito-federal/pcdf-prende-estelionatarios-que-davam-golpes-em-servidores-publicos,PCDF prende estelionatários que davam golpes em servidores públicos,25/02/2021 09:38:39
https://www.metropoles.com/distrito-federal/suspeito-de-participacao-em-homicidio-de-sargento-da-pmdf-e-preso,Suspeito de participação em homicídio de sargento da PMDF é preso,25/02/2021 08:54:29
https://www.metropoles.com/distrito-federal/entorno/policia-federal-faz-operacao-contra-fraude-em-fundo-de-previdencia,Polícia Federal faz operação contra fraude em fundo de previdência,25/02/2021 07:34:09
https://www.metropoles.com/distrito-federal/policia-civil-do-distrito-federal-renova-frota-com-mais-de-100-carros,Polícia Civil do Distrito Federal renova frota com mais de 100 carros,25/02/2021 07:30:47
https://www.metropoles.com/colunas/janela-indiscreta/queridinha-do-publico-sarah-do-bbb21-ja-assessorou-deputado-do-df,Queridinha do público Sarah do BBB21 já assessorou deputado do DF,25/02/2021 04:59:27
https://www.metropoles.com/distrito-federal/quem-e-o-homem-que-matou-os-pais-e-feriu-a-irma-em-aguas-claras,Quem é o homem que matou os pais e feriu a irmã em Águas Claras,25/02/2021 04:58:07
https://www.metropoles.com/colunas/grande-angular/controlador-do-iges-dobra-proprio-salario-para-r-26-mil-e-e-exonerado,Controlador do Iges dobra próprio salário para R$ 26 mil e é exonerado,25/02/2021 04:45:49
https://www.metropoles.com/colunas/entre-eixos/pandemia-fez-arrecadacao-do-detran-df-cair-em-r-684-milhoes,Pandemia fez arrecadação do Detran-DF cair em R$ 684 milhões,25/02/2021 04:45:16
https://www.metropoles.com/distrito-federal/duas-chapas-disputam-presidencia-da-fecomercio-no-df,Duas chapas disputam presidência da Fecomércio no DF,24/02/2021 23:03:32
https://www.metropoles.com/distrito-federal/tre-df-mantem-mandato-de-jose-gomes-na-cldf,TRE-DF mantém mandato de José Gomes na CLDF,24/02/2021 22:50:24
https://www.metropoles.com/distrito-federal/ibaneis-articula-aumento-de-verba-para-rodovias-federais-do-df,Ibaneis articula aumento de verba para rodovias federais do DF,24/02/2021 22:41:42
https://www.metropoles.com/distrito-federal/codhab-divulga-nome-dos-147-selecionados-para-morar-no-parque-dos-ipes,Codhab divulga nome dos 147 selecionados para morar no Parque dos Ipês,24/02/2021 22:27:07
https://www.metropoles.com/distrito-federal/gdf-paga-mais-de-r-73-milhoes-em-tpd-nesta-quarta-feira-24-2,GDF paga mais de R$ 73 milhões em TPD nesta quarta-feira (24/2),24/02/2021 21:30:25
https://www.metropoles.com/distrito-federal/terceiro-homem-filmado-dando-tiros-para-o-alto-em-festa-no-df-e-preso,Terceiro homem filmado dando tiros para o alto em festa no DF é preso,24/02/2021 21:26:53
https://www.metropoles.com/distrito-federal/justica-do-trabalho-suspende-etapas-finais-do-leilao-da-ceb-distribuicao,Justiça do Trabalho suspende etapas finais do leilão da CEB,24/02/2021 21:25:38
https://www.metropoles.com/distrito-federal/numero-de-novos-infectados-por-covid-19-no-df-e-o-maior-desde-setembro,Número de novos infectados por Covid-19 no DF é o maior desde setembro,24/02/2021 21:14:53
https://www.metropoles.com/distrito-federal/df-comeca-a-vacinar-idosos-na-faixa-dos-76-aos-78-anos-nesta-sexta,DF começa a vacinar idosos na faixa dos 76 aos 78 anos nesta sexta,24/02/2021 20:23:22
https://www.metropoles.com/distrito-federal/acidente-na-br-020-deixa-4-agentes-do-sistema-prisional-de-go-feridos,Acidente na BR-020 deixa 4 agentes do sistema prisional de GO feridos,24/02/2021 20:02:12
https://www.metropoles.com/distrito-federal/camera-flagra-momento-que-carro-perde-controle-e-atinge-onibus-no-df,Câmera flagra momento que carro perde controle e atinge ônibus no DF,24/02/2021 19:15:10
https://www.metropoles.com/distrito-federal/cliente-denuncia-agressao-por-segurancas-em-bar-no-df-pcdf-investiga,Cliente denuncia agressão por seguranças em bar no DF. PCDF investiga,24/02/2021 18:42:20
https://www.metropoles.com/distrito-federal/media-movel-de-mortes-por-covid-19-no-df-sobe-para-104,Média móvel de mortes por Covid-19 no DF sobe para 104,24/02/2021 18:37:13
https://www.metropoles.com/distrito-federal/tjdft-abre-selecao-para-estagiarios-saiba-como-se-candidatar,TJDFT abre seleção para estagiários. Saiba como se candidatar,24/02/2021 18:11:56
https://www.metropoles.com/distrito-federal/geladeira-vazia-abrigo-de-bebes-no-df-pede-ajuda-para-nao-fechar,Geladeira vazia: abrigo de bebês no DF pede ajuda para não fechar,24/02/2021 17:40:42
https://www.metropoles.com/colunas/janela-indiscreta/apos-ser-criticada-primeira-dama-do-df-reage-e-esculacha-deputado,Após ser criticada primeira-dama do DF reage e esculacha deputado,24/02/2021 17:38:39
https://www.metropoles.com/distrito-federal/video-mostra-jovem-esfaqueando-e-matando-homem-de-44-anos-no-df,Vídeo mostra jovem esfaqueando e matando homem de 44 anos no DF,24/02/2021 17:31:02
https://www.metropoles.com/distrito-federal/comissao-na-cldf-solicita-ao-gdf-que-faca-a-compra-direta-de-vacinas,Comissão na CLDF solicita ao GDF que faça a compra direta de vacinas,24/02/2021 17:22:23
https://www.metropoles.com/distrito-federal/empresa-que-negocia-vacinas-da-india-e-alvo-de-operacao-do-mpdft,Empresa que negocia vacinas da Índia é alvo de operação do MPDFT,24/02/2021 16:23:37
https://www.metropoles.com/colunas/janela-indiscreta/ibaneis-reativa-conta-no-twitter-e-escreve-governador-ta-on,Ibaneis reativa conta no Twitter e escreve: &#8220;Governador tá ON&#8221;,24/02/2021 15:08:04
https://www.metropoles.com/distrito-federal/morta-apos-ser-atropelada-por-caminhonete-vitoria-e-enterrada-no-df,Morta após ser atropelada por caminhonete Vitória é enterrada no DF,24/02/2021 15:06:10
https://www.metropoles.com/distrito-federal/primeiro-a-ver-corpos-de-pais-mortos-pelo-filho-fiquei-em-choque,Primeiro a ver corpos de pais mortos pelo filho: &#8220;Fiquei em choque&#8221;,24/02/2021 14:46:22
https://www.metropoles.com/distrito-federal/trio-e-condenado-por-matar-jovem-com-16-tiros-em-distribuidora-do-df,Trio é condenado por matar jovem com 16 tiros em distribuidora do DF,24/02/2021 14:18:05
https://www.metropoles.com/colunas/janela-indiscreta/justica-condena-medico-do-df-por-morte-de-bebe-durante-o-parto,Justiça condena médico do DF por morte de bebê durante o parto,24/02/2021 13:59:24
https://www.metropoles.com/distrito-federal/sepultamento-do-pioneiro-roberto-curi-sera-nesta-quarta-feira-no-df,Sepultamento do pioneiro Roberto Curi será nesta quarta-feira no DF,24/02/2021 13:02:16
https://www.metropoles.com/distrito-federal/entorno/prefeito-desmente-boatos-de-que-barragem-de-corumba-iv-pode-se-romper,Prefeito desmente boatos de que Barragem de Corumbá IV pode se romper,24/02/2021 12:54:09
https://www.metropoles.com/distrito-federal/crime-em-aguas-claras-homem-deixou-faca-encravada-no-pescoco-do-pai,Crime em Águas Claras: homem deixou faca encravada no pescoço do pai,24/02/2021 12:32:37
https://www.metropoles.com/distrito-federal/homem-mata-os-pais-a-facadas-em-aguas-claras-e-fere-a-irma,Homem mata os pais a facadas em Águas Claras e fere a irmã,24/02/2021 11:39:22
https://www.metropoles.com/distrito-federal/ibaneis-sobre-caiado-que-ele-assuma-sua-responsabilidade,Ibaneis sobre Caiado: &#8220;Que ele assuma sua responsabilidade&#8221;,24/02/2021 11:34:34
https://www.metropoles.com/distrito-federal/mulheres-representam-647-dos-desempregados-no-df,Mulheres representam 647% dos desempregados no DF,24/02/2021 11:08:18
https://www.metropoles.com/distrito-federal/esperamos-vacinar-idosos-a-partir-de-75-anos-na-quinta-diz-ibaneis,&#8220;Esperamos vacinar idosos a partir de 75 anos na quinta&#8221; diz Ibaneis,24/02/2021 11:00:51
https://www.metropoles.com/distrito-federal/pcdf-prende-estelionatarios-acusados-de-falsificacao-e-receptacao,PCDF prende estelionatários acusados de falsificação e receptação,24/02/2021 09:56:32
https://www.metropoles.com/colunas/janela-indiscreta/df-recebe-255-mil-doses-da-vacina-da-astrazeneca-nesta-quarta-feira,DF recebe 255 mil doses da vacina da AstraZeneca nesta quarta-feira,24/02/2021 09:23:47
https://www.metropoles.com/distrito-federal/mulher-morre-baleada-durante-assalto-no-df-policia-investiga,Mulher morre baleada durante assalto no DF. Polícia investiga,24/02/2021 08:58:06
https://www.metropoles.com/distrito-federal/policia-civil-prende-traficante-com-haxixe-potencializado-no-df,Polícia Civil prende traficante com haxixe potencializado no DF,24/02/2021 07:44:13
https://www.metropoles.com/distrito-federal/corpo-de-homem-e-achado-amarrado-em-cacamba-de-lixo-perto-de-escola,Corpo de homem é achado amarrado em caçamba de lixo perto de escola,24/02/2021 06:55:22
https://www.metropoles.com/colunas/janela-indiscreta/variantes-da-covid-dezenas-de-casos-suspeitos-estao-em-apuracao-no-df,Variantes da Covid: dezenas de casos suspeitos estão em apuração no DF,24/02/2021 04:58:48
https://www.metropoles.com/distrito-federal/hackers-montam-grupos-no-whatsapp-para-tentar-fraudar-pix,Hackers montam grupos no WhatsApp para tentar fraudar Pix,24/02/2021 04:45:55
https://www.metropoles.com/distrito-federal/enfrentamento-a-pandemia-no-df-tem-r-461-milhoes-a-menos-em-2021,Enfrentamento à pandemia no DF tem R$ 461 milhões a menos em 2021,24/02/2021 04:45:49
https://www.metropoles.com/distrito-federal/justica-impede-que-condominios-do-df-ofertem-servicos-de-advocacia,Justiça impede que condomínios do DF ofertem serviços de advocacia,24/02/2021 04:45:47
https://www.metropoles.com/distrito-federal/beneficiarios-do-parque-dos-ipes-tem-ate-quinta-para-assinar-contratos,Beneficiários do Parque dos Ipês têm até quinta para assinar contratos,24/02/2021 04:45:42
https://www.metropoles.com/distrito-federal/para-postos-do-df-decreto-de-bolsonaro-sobre-precos-nao-e-exequivel,Para postos do DF decreto de Bolsonaro sobre preços &#8220;não é exequível&#8221;,24/02/2021 04:45:15
https://www.metropoles.com/distrito-federal/tres-regioes-do-df-ficarao-sem-luz-nesta-quarta-feira-veja-quais,Três regiões do DF ficarão sem luz nesta quarta-feira. Veja quais,24/02/2021 04:45:02
https://www.metropoles.com/distrito-federal/gdf-prorroga-suspensao-de-cobranca-das-areas-para-feiras-e-trailers,GDF prorroga suspensão de cobrança das áreas para feiras e trailers,24/02/2021 04:45:01
https://www.metropoles.com/distrito-federal/policia-militar-resgata-nove-aves-silvestres-no-df,Polícia Militar resgata nove aves silvestres no DF,23/02/2021 23:53:47
https://www.metropoles.com/distrito-federal/regulamentacao-de-clinicas-veterinarias-em-brasilia-e-aprovada-na-cldf,Regulamentação de clínicas veterinárias em Brasília é aprovada na CLDF,23/02/2021 23:37:33
https://www.metropoles.com/distrito-federal/distritais-autorizam-provimento-para-250-cargos-no-gdf,Distritais autorizam provimento para 250 cargos no GDF,23/02/2021 22:59:36
https://www.metropoles.com/distrito-federal/df-homem-e-preso-com-15-kgs-de-anestesico-usado-na-mistura-da-cocaina,DF: homem é preso com 15kg de anestésico que potencializa a cocaína,23/02/2021 22:44:17
https://www.metropoles.com/distrito-federal/estacao-de-brt-ganha-nome-de-residencia-de-niemeyer-no-df-nos-anos-60,Estação de BRT ganha nome de residência de Niemeyer no DF nos anos 60,23/02/2021 22:32:34
https://www.metropoles.com/distrito-federal/secretarios-de-saude-do-df-e-go-estudam-fluxo-regulatorio-de-pacientes,Secretários de Saúde do DF e GO estudam fluxo regulatório de pacientes,23/02/2021 22:24:33
https://www.metropoles.com/distrito-federal/grupo-educacional-de-destaque-no-pais-compra-colegio-sigma-no-df,Grupo educacional de destaque no país compra colégio Sigma no DF,23/02/2021 22:11:35
https://www.metropoles.com/distrito-federal/menino-de-14-anos-e-socorrido-por-bombeiros-apos-mordida-de-cachorro,Menino de 14 anos é socorrido por bombeiros após mordida de cachorro,23/02/2021 22:08:09
https://www.metropoles.com/distrito-federal/ocupacao-de-leitos-de-uti-para-adultos-chega-a-9756-no-df,Ocupação de leitos de UTI para adultos chega a 9756% no DF,23/02/2021 21:56:59
https://www.metropoles.com/distrito-federal/ibaneis-sobre-socorro-a-empresas-na-pandemia-brb-emprestou-r-4-bi,Ibaneis sobre socorro a empresas na pandemia: &#8220;BRB emprestou R$ 4 bi&#8221;,23/02/2021 21:50:51
https://www.metropoles.com/distrito-federal/juiz-diz-ser-improcedente-acusacoes-contra-deputado-em-caso-de-porsche,Juiz diz ser improcedente acusações contra deputado em caso de Porsche,23/02/2021 21:41:42
https://www.metropoles.com/distrito-federal/gdf-aprova-segunda-etapa-de-brt-na-avenida-helio-prates,GDF aprova segunda etapa de BRT na Avenida Hélio Prates,23/02/2021 20:59:14
https://www.metropoles.com/distrito-federal/distritais-abrem-caminho-para-volta-do-auxilio-de-r-408-no-df,Distritais abrem caminho para volta do auxílio de R$ 408 no DF,23/02/2021 20:01:07
https://www.metropoles.com/colunas/grande-angular/reguffe-e-eleito-presidente-da-comissao-de-fiscalizacao-e-controle,Reguffe é eleito presidente da Comissão de Fiscalização e Controle,23/02/2021 19:43:31
https://www.metropoles.com/distrito-federal/ibge-abre-inscricoes-para-2-604-vagas-de-recenseador-temporario-no-df,IBGE abre inscrições para 2.604 vagas de recenseador temporário no DF,23/02/2021 19:37:26
https://www.metropoles.com/distrito-federal/df-homem-e-condenado-a-9-anos-de-prisao-por-tentativa-de-feminicidio,DF: homem é condenado a 9 anos de prisão por tentativa de feminicídio,23/02/2021 19:29:18
https://www.metropoles.com/colunas/janela-indiscreta/secretario-de-desenvolvimento-urbano-sera-ouvido-em-marco-pela-cldf,Secretário de Desenvolvimento Urbano será ouvido em março pela CLDF,23/02/2021 19:17:29
https://www.metropoles.com/distrito-federal/media-movel-de-mortes-por-covid-19-no-df-cai-para-96-2,Média móvel de mortes por Covid-19 no DF cai para 96,23/02/2021 19:15:59
https://www.metropoles.com/colunas/grande-angular/dono-da-curinga-dos-pneus-pioneiro-roberto-curi-morre-de-covid-19,Dono da Curinga dos Pneus pioneiro Roberto Curi morre de Covid-19,23/02/2021 19:12:01
https://www.metropoles.com/distrito-federal/cldf-aprova-projeto-do-gdf-para-prorrogacao-do-refis-ate-31-de-marco,CLDF aprova projeto do GDF para prorrogação do Refis até 31 de março,23/02/2021 18:59:18
https://www.metropoles.com/distrito-federal/bandidos-do-df-sao-presos-apos-enganarem-idosos-do-rio-grande-do-sul,Bandidos do DF são presos após enganarem idosos do Rio Grande do Sul,23/02/2021 18:26:30
https://www.metropoles.com/distrito-federal/menina-atropelada-sera-enterrada-nesta-quarta-feira-no-df,Menina atropelada será enterrada nesta quarta-feira no DF,23/02/2021 18:05:40
https://www.metropoles.com/colunas/grande-angular/ibaneis-preciso-que-o-governador-de-go-cuide-da-nossa-populacao-senao-fecharemos-a-divisa,Ibaneis: &#8220;Preciso que o governador de GO cuide da nossa população. Senão fecharemos a divisa&#8221;,23/02/2021 17:39:25
https://www.metropoles.com/distrito-federal/distrital-defende-criacao-de-fundo-para-evitar-aumento-de-combustivel,Distrital defende criação de fundo para evitar aumento de combustível,23/02/2021 17:05:48
https://www.metropoles.com/distrito-federal/ministerio-da-saude-descarta-2-casos-de-variante-investigados-no-df,Ministério da Saúde descarta 2 casos de variante investigados no DF,23/02/2021 16:47:57
https://www.metropoles.com/distrito-federal/depen-suspende-concurso-publico-em-razao-da-pandemia-de-covid-19,Depen suspende concurso público em razão da pandemia de Covid-19,23/02/2021 16:06:08
https://www.metropoles.com/distrito-federal/local-onde-vitoria-foi-atropelada-no-df-ganhara-bicicleta-branca,Local onde Vitória foi atropelada no DF ganhará bicicleta branca,23/02/2021 15:55:58
https://www.metropoles.com/distrito-federal/pcdf-prende-ultimo-suspeito-de-espancar-universitario-ate-a-morte,PCDF prende último suspeito de espancar universitário até a morte,23/02/2021 15:49:11
https://www.metropoles.com/colunas/grande-angular/stj-nega-recursos-de-arruda-e-roney-nemer-na-caixa-de-pandora,STJ nega recursos de Arruda e Rôney Nemer na Caixa de Pandora,23/02/2021 15:41:42
https://www.metropoles.com/distrito-federal/secretarios-de-saude-do-df-e-go-se-encontram-para-debater-vacinacao,Secretários de Saúde do DF e GO se encontram para debater vacinação,23/02/2021 14:26:54
https://www.metropoles.com/distrito-federal/mpdft-identifica-sobrepreco-de-r-114-milhoes-em-contratos-de-utis,MPDFT identifica sobrepreço de R$ 114 milhões em contratos de UTIs,23/02/2021 14:11:17
https://www.metropoles.com/colunas/janela-indiscreta/aglomerados-servidores-fazem-fila-ao-entrar-no-congresso-nacional,Aglomerados visitantes fazem fila ao entrar no Congresso Nacional,23/02/2021 13:51:09
https://www.metropoles.com/colunas/grande-angular/alunos-do-df-fazem-projetos-de-tecnologia-em-programa-do-banco-central,Alunos do DF fazem projetos de tecnologia em programa do Banco Central,23/02/2021 13:44:51
https://www.metropoles.com/distrito-federal/df-lanca-programa-de-incentivo-ao-turismo-veja-como-participar, DF lança programa de incentivo ao turismo. Veja como participar,23/02/2021 13:31:08
https://www.metropoles.com/colunas/grande-angular/organizacoes-coletam-assinaturas-para-cpi-popular-da-pandemia-na-cldf,Organizações coletam assinaturas para CPI Popular da Pandemia na CLDF,23/02/2021 13:28:55
https://www.metropoles.com/colunas/janela-indiscreta/erika-kokay-cobra-vacinacao-de-presos-idosos-e-com-deficiencia-no-df,Erika Kokay cobra vacinação de presos idosos e com deficiência no DF,23/02/2021 13:08:33
https://www.metropoles.com/distrito-federal/homem-que-matou-ex-a-facadas-no-df-tem-prisao-preventiva-decretada,Homem que matou ex a facadas no DF tem prisão preventiva decretada,23/02/2021 12:15:40
https://www.metropoles.com/distrito-federal/homem-simula-surto-psicotico-para-tentar-escapar-de-flagrante-da-pmdf,Homem simula surto psicótico para tentar escapar de flagrante da PMDF,23/02/2021 11:32:21
https://www.metropoles.com/distrito-federal/apos-kombi-pegar-fogo-grupo-faz-vaquinha-para-ajudar-catador-no-df,Após kombi pegar fogo grupo faz vaquinha para ajudar catador no DF,23/02/2021 11:21:44
https://www.metropoles.com/distrito-federal/df-saude-interrompe-aplicacao-de-1a-dose-da-vacina-na-regiao-central,DF: Saúde interrompe aplicação de 1ª dose da vacina na região central,23/02/2021 11:18:31
https://www.metropoles.com/distrito-federal/homem-e-preso-no-entorno-com-carros-de-luxo-e-mercadorias-roubadas,Homem é preso no Entorno com carros de luxo e mercadorias roubadas,23/02/2021 10:55:29
https://www.metropoles.com/distrito-federal/gdf-da-prazo-para-servidores-cedidos-ao-iges-indicarem-retorno-a-saude,GDF dá prazo para servidores cedidos ao Iges indicarem retorno à Saúde,23/02/2021 10:33:53
https://www.metropoles.com/distrito-federal/pcdf-encontra-estufa-para-cultivo-de-maconha-em-casa-de-psicologo,PCDF encontra estufa para cultivo de maconha em casa de psicólogo,23/02/2021 10:02:27
https://www.metropoles.com/distrito-federal/emprego-no-df-agencias-oferecem-183-vagas-com-salario-de-ate-r-4-mil,Emprego no DF: agências oferecem 183 vagas com salário de até R$ 4 mil,23/02/2021 06:23:05
https://www.metropoles.com/distrito-federal/subtenente-do-cbmdf-armazenava-videos-de-adolescentes-em-cenas-de-sexo,Subtenente do CBMDF armazenava vídeos de adolescentes em cenas de sexo,23/02/2021 04:52:06
https://www.metropoles.com/distrito-federal/desde-o-inicio-da-pandemia-570-policiais-civis-do-df-tiveram-covid-19,Desde o início da pandemia 570 policiais civis do DF tiveram Covid-19,23/02/2021 04:50:47
https://www.metropoles.com/distrito-federal/detran-df-organiza-novo-leilao-com-carros-tablets-e-computadores,Detran-DF organiza novo leilão com carros tablets e computadores,23/02/2021 04:45:44
https://www.metropoles.com/distrito-federal/de-2014-a-2018-gdf-pagou-r-39-milhoes-de-salarios-a-116-mortos,De 2014 a 2018 GDF pagou R$ 39 milhões de salários a 116 mortos,23/02/2021 04:45:38
https://www.metropoles.com/colunas/janela-indiscreta/temendo-aumento-de-casos-de-covid-pos-carnaval-gdf-abre-leitos-de-uti,Temendo aumento de casos de Covid pós-Carnaval GDF abre leitos de UTI,23/02/2021 04:45:33
https://www.metropoles.com/distrito-federal/pcdf-prende-homem-por-furto-no-interior-de-veiculo-em-sobradinho-ii,PCDF prende homem por furto no interior de veículo em Sobradinho II,23/02/2021 00:02:56
https://www.metropoles.com/distrito-federal/secretaria-de-educacao-procura-imoveis-para-administracao-e-escolas,Secretaria de Educação procura imóveis para administração e escolas,22/02/2021 23:31:57
https://www.metropoles.com/distrito-federal/pare-no-parque-servico-gratuito-de-onibus-para-servidores-volta-no-df,Pare no Parque: serviço gratuito de ônibus para servidores volta no DF,22/02/2021 23:21:54
https://www.metropoles.com/distrito-federal/em-tres-semanas-df-imunizou-54-mil-idosos-contra-a-covid-19,Em três semanas DF imunizou 54 mil idosos contra a Covid-19,22/02/2021 23:16:01
https://www.metropoles.com/distrito-federal/validade-de-cartoes-alimentacao-escolar-do-df-e-prorrogada-ate-marco,Validade de cartões Alimentação Escolar do DF é prorrogada até março,22/02/2021 22:49:04
https://www.metropoles.com/distrito-federal/morador-do-df-e-preso-com-meio-quilo-de-maconha-colombiana-em-casa,Morador do DF é preso com meio quilo de maconha colombiana em casa,22/02/2021 22:38:37
https://www.metropoles.com/distrito-federal/video-gravidas-dancam-em-hospital-do-df-para-aliviar-tensao-pre-parto,Vídeo. Grávidas dançam em hospital do DF para aliviar tensão pré-parto,22/02/2021 22:20:05
https://www.metropoles.com/distrito-federal/covid-19-delegado-geral-da-pcdf-recebe-alta-de-hospital-e-vai-para-casa,Covid: delegado-geral da PCDF recebe alta de hospital e vai para casa,22/02/2021 21:33:34
https://www.metropoles.com/distrito-federal/gdf-paga-mais-uma-rodada-de-precatorios-veja-como-se-habilitar,GDF paga mais uma rodada de precatórios. Veja como se habilitar,22/02/2021 21:23:07
https://www.metropoles.com/distrito-federal/zoonoses-libera-20-caes-saudaveis-para-adocao-no-distrito-federal,Zoonoses libera 20 cães saudáveis para adoção no Distrito Federal,22/02/2021 20:28:40
https://www.metropoles.com/colunas/janela-indiscreta/bancada-se-reune-com-comissao-mista-para-priorizar-orcamento-do-df,Bancada se reúne na Comissão Mista para definir orçamento do DF,22/02/2021 20:18:13
https://www.metropoles.com/distrito-federal/distritais-entram-com-acao-no-stf-para-df-comprar-vacina-diretamente,Distritais entram com ação no STF para DF comprar vacina diretamente,22/02/2021 20:17:37
https://www.metropoles.com/distrito-federal/morador-e-atacado-por-capivara-em-condominio-a-beira-do-lago-paranoa,Morador é atacado por capivara em condomínio à beira do Lago Paranoá,22/02/2021 19:53:46
https://www.metropoles.com/distrito-federal/alunos-que-nao-souberam-cantar-hino-da-pm-em-formatura-sao-absolvidos,Alunos que não souberam cantar hino da PM em formatura são absolvidos,22/02/2021 19:20:04
https://www.metropoles.com/distrito-federal/pode-ser-expulso-diz-cbmdf-sobre-militar-preso-por-suposto-estupro,&#8220;Pode ser expulso&#8221; diz CBMDF sobre militar preso por suposto estupro,22/02/2021 18:59:12
https://www.metropoles.com/distrito-federal/vi-o-coracao-da-minha-filha-parar-de-bater-diz-pai-de-vitoria,&#8220;Vi o coração da minha filha parar de bater&#8221; diz pai de Vitória,22/02/2021 18:56:58
https://www.metropoles.com/colunas/janela-indiscreta/apos-morte-de-maia-cnc-esvazia-poderes-do-atual-comando-da-fecomercio-df,Após morte de Maia CNC esvazia poderes do atual comando da Fecomércio-DF,22/02/2021 18:49:09
https://www.metropoles.com/distrito-federal/media-movel-de-mortes-por-covid-19-no-df-permanece-em-99,Média móvel de mortes por Covid-19 no DF permanece em 99,22/02/2021 18:47:09
https://www.metropoles.com/distrito-federal/paciente-do-df-vai-receber-r-43-mil-apos-erro-em-cirurgia-ortopedica,Paciente do DF vai receber R$ 43 mil após erro em cirurgia ortopédica,22/02/2021 18:26:46
https://www.metropoles.com/distrito-federal/df-tera-mais-doses-da-vacina-contra-a-covid-19-ate-marco-diz-saude,DF terá mais doses da vacina contra a Covid-19 até março diz Saúde,22/02/2021 17:33:55
https://www.metropoles.com/colunas/grande-angular/justica-da-72h-para-bolsonaro-se-manifestar-sobre-troca-na-petrobras,Justiça dá 72h para Bolsonaro se manifestar sobre troca na Petrobras,22/02/2021 17:07:16
https://www.metropoles.com/distrito-federal/mpdft-74-dos-passageiros-estao-insatisfeitos-com-preco-de-onibus,MPDFT: 74% dos passageiros estão insatisfeitos com preço de ônibus,22/02/2021 17:00:21
https://www.metropoles.com/distrito-federal/menina-atropelada-tem-falencia-multipla-de-orgaos-e-morre-no-df,Menina atropelada tem falência múltipla de órgãos e morre no DF,22/02/2021 16:57:17
https://www.metropoles.com/distrito-federal/subtenente-dos-bombeiros-e-preso-por-tentar-estuprar-garoto-no-df,Subtenente dos bombeiros é preso por tentar estuprar garoto no DF,22/02/2021 16:21:19
https://www.metropoles.com/colunas/janela-indiscreta/gdf-passara-gestao-de-marinas-do-lago-paranoa-para-iniciativa-privada,GDF passará gestão de marinas do Lago Paranoá para iniciativa privada,22/02/2021 16:00:51
https://www.metropoles.com/distrito-federal/educacao-df/escola-de-governo-do-df-abre-inscricoes-para-cursos-a-distancia,Escola de Governo do DF abre inscrições para cursos a distância,22/02/2021 15:30:10
https://www.metropoles.com/distrito-federal/homem-chega-bebado-em-casa-e-espanca-o-pai-de-80-anos-no-df,Homem chega bêbado em casa e espanca o pai de 80 anos no DF,22/02/2021 14:29:59
https://www.metropoles.com/distrito-federal/mpc-df-oferece-representacao-contra-o-zoo-por-ausencia-de-concurso,MPC-DF oferece representação contra o Zoo por ausência de concurso,22/02/2021 14:17:30
https://www.metropoles.com/distrito-federal/com-reservatorio-cheio-ceb-aumenta-vazao-da-barragem-do-lago-paranoa,Com reservatório cheio CEB aumenta vazão da barragem do Lago Paranoá,22/02/2021 14:11:25
https://www.metropoles.com/distrito-federal/ajude-a-vila-cauhy-depois-de-inundacao-moradores-precisam-de-doacoes,Ajude a Vila Cauhy. Depois de inundação moradores precisam de doações,22/02/2021 13:46:40
https://www.metropoles.com/distrito-federal/tres-regioes-do-df-ficarao-sem-luz-nesta-terca-feira-veja-quais,Três regiões do DF ficarão sem luz nesta terça-feira. Veja quais,22/02/2021 13:35:24
https://www.metropoles.com/distrito-federal/puxadinhos-na-asa-sul-area-entre-blocos-sera-restrita-a-alimentacao,Puxadinhos na Asa Sul: área entre blocos será restrita à alimentação,22/02/2021 13:06:05
https://www.metropoles.com/colunas/grande-angular/ibaneis-descarta-lockdown-no-df-em-acao-conjunta-com-entorno,Ibaneis descarta lockdown no DF em ação conjunta com Entorno,22/02/2021 12:52:56
https://www.metropoles.com/distrito-federal/postos-de-saude-do-df-comecam-a-ficar-sem-vacina-da-covid-19,Postos de saúde do DF começam a ficar sem vacina da Covid-19,22/02/2021 12:38:02
https://www.metropoles.com/colunas/grande-angular/manobras-exibidas-por-youtuber-do-df-configuram-infracoes-de-transito,Manobras exibidas por youtuber do DF configuram infrações de trânsito,22/02/2021 11:59:57
https://www.metropoles.com/distrito-federal/moradores-da-vila-cauhy-lamentam-perdas-apos-inundacao-desespero,Moradores da Vila Cauhy lamentam perdas após inundação: &#8220;Desespero&#8221;,22/02/2021 11:57:01
https://www.metropoles.com/distrito-federal/pcdf-retomara-divisao-de-turnos-em-delegacias-apos-baixas-por-covid-19,PCDF retomará divisão de turnos em delegacias após baixas por Covid-19,22/02/2021 11:55:43
https://www.metropoles.com/distrito-federal/video-pm-interrompe-festa-rave-clandestina-em-chacara-do-df,Vídeo: PM interrompe festa rave clandestina em chácara do DF,22/02/2021 11:29:57
https://www.metropoles.com/distrito-federal/covid-19-delegado-geral-da-pcdf-recebe-alta-da-uti-apos-2a-internacao,Covid-19: delegado-geral da PCDF recebe alta da UTI após 2ª internação,22/02/2021 11:28:13
https://www.metropoles.com/distrito-federal/casos-de-dengue-no-distrito-federal-aumentam-343-em-uma-semana,Casos de dengue no Distrito Federal aumentam 343% em uma semana,22/02/2021 10:18:49
https://www.metropoles.com/distrito-federal/motociclista-morre-apos-se-envolver-em-acidente-com-carro-na-br-060,Motociclista morre após se envolver em acidente com carro na BR-060,22/02/2021 09:35:34
https://www.metropoles.com/distrito-federal/familia-de-menina-atropelada-no-df-fara-carreata-para-pedir-oracoes,Família de menina atropelada no DF fará carreata para pedir orações,22/02/2021 09:28:35
https://www.metropoles.com/distrito-federal/clima-df/df-tem-o-mes-de-fevereiro-mais-chuvoso-da-historia-diz-inmet,DF tem o mês de fevereiro mais chuvoso da história diz Inmet,22/02/2021 09:22:32
https://www.metropoles.com/distrito-federal/pcdf-divulga-imagens-de-veiculo-suspeito-de-atropelar-menina-de-4-anos,PCDF divulga imagens de veículo suspeito de atropelar menina de 4 anos,22/02/2021 09:07:24
https://www.metropoles.com/distrito-federal/video-corrego-transborda-novamente-e-invade-casas-na-vila-cauhy,Vídeo. Córrego transborda novamente e invade casas na Vila Cauhy,22/02/2021 08:37:07
https://www.metropoles.com/distrito-federal/adolescente-em-porta-mala-morre-apos-capotamento-de-veiculo-no-df,Adolescente em porta-mala morre após capotamento de veículo no DF,22/02/2021 06:41:07
https://www.metropoles.com/distrito-federal/transplantados-e-doentes-autoimunes-ficam-no-vacuo-da-vacina-no-df,Transplantados e doentes autoimunes ficam no vácuo da vacina no DF,22/02/2021 04:45:58
https://www.metropoles.com/distrito-federal/apos-denunciar-abusos-ao-mpdft-alunos-bombeiros-sofrem-retaliacoes,Após denunciar abusos ao MPDFT alunos bombeiros sofrem retaliações,22/02/2021 04:45:55
https://www.metropoles.com/distrito-federal/com-2-mil-desaparecidos-df-entra-em-rede-nacional-de-busca-a-sumidos,Com 2 mil desaparecidos DF entra em rede nacional de busca a sumidos,22/02/2021 04:45:00
https://www.metropoles.com/distrito-federal/regiao-do-df-ficara-sem-luz-nesta-segunda-confira-horarios-e-locais,Região do DF ficará sem luz nesta segunda. Confira horários e locais,22/02/2021 04:45:00
https://www.metropoles.com/colunas/janela-indiscreta/gdf-avalia-mais-prazo-para-trailers-e-feiras-pagarem-por-area-publica,GDF avalia mais prazo para trailers e feiras pagarem por área pública,22/02/2021 04:29:51
https://www.metropoles.com/distrito-federal/seis-pessoas-sao-detidas-apos-flagrante-de-venda-de-droga-no-df,Seis pessoas são detidas após flagrante de venda de droga no DF,21/02/2021 22:57:57
https://www.metropoles.com/distrito-federal/hospital-de-campanha-de-ceilandia-registra-78-de-recuperacao,Hospital de Campanha de Ceilândia registra 78% de recuperação,21/02/2021 21:14:22
https://www.metropoles.com/distrito-federal/selecao-de-voluntarios-via-whatsapp-para-vacinacao-e-fake-diz-gdf,Seleção de voluntários via WhatsApp para vacinação é fake diz GDF,21/02/2021 21:05:03
https://www.metropoles.com/colunas/grande-angular/cemiterio-de-veiculos-no-parque-ecologico-burle-marx-sera-desativado,Cemitério de veículos no Parque Ecológico Burle Marx será desativado,21/02/2021 20:05:30
https://www.metropoles.com/distrito-federal/vacinacao-bezerrao-e-administracao-de-santa-maria-ganham-drive-thru,Vacinação: Bezerrão e Administração de Santa Maria ganham drive-thru,21/02/2021 19:47:35
https://www.metropoles.com/distrito-federal/saude-df/media-movel-de-mortes-no-df-por-covid-19-cresce-29-mas-fica-estavel,Média móvel de mortes no DF por Covid-19 cresce 29% mas fica estável,21/02/2021 18:33:37
https://www.metropoles.com/distrito-federal/entorno/muitas-pessoas-sem-mascara-alerta-prefeitura-de-luziania-go,&#8220;Muitas pessoas sem máscara&#8221; alerta Prefeitura de Luziânia (GO),21/02/2021 17:31:10
https://www.metropoles.com/distrito-federal/veiculo-capota-na-br-060-e-deixa-um-adulto-e-duas-criancas-feridos,Veículo capota na BR-060 e deixa um adulto e duas crianças feridos,21/02/2021 17:22:06
https://www.metropoles.com/distrito-federal/arara-pousa-em-restaurante-de-aguas-claras-e-e-capturada-pela-pmdf,Arara pousa em restaurante de Águas Claras e é capturada pela PMDF,21/02/2021 16:51:44
https://www.metropoles.com/distrito-federal/video-homem-vende-falsas-vagas-de-empregos-para-vigilantes-no-df,Vídeo. Homem vende falsas vagas de empregos para vigilantes no DF,21/02/2021 16:44:28
https://www.metropoles.com/distrito-federal/sem-confirmacao-sobre-novo-lote-de-vacinas-df-tem-estoque-para-2-dias,Sem confirmação sobre novo lote de vacinas DF tem estoque para 2 dias,21/02/2021 16:14:10
https://www.metropoles.com/distrito-federal/primeira-parcela-e-cota-unica-do-ipva-vencem-nesta-semana-veja-datas,Primeira parcela e cota única do IPVA vencem nesta semana. Veja datas,21/02/2021 15:57:54
https://www.metropoles.com/distrito-federal/superlotado-pronto-socorro-do-hrg-so-vai-receber-pacientes-graves,Superlotado pronto-socorro do HRG só vai receber pacientes graves,21/02/2021 15:28:25
https://www.metropoles.com/distrito-federal/assaltante-e-morto-em-perseguicao-da-pm-apos-roubar-carro-no-df,Assaltante é morto em perseguição da PM após roubar carro no DF,21/02/2021 13:49:23
https://www.metropoles.com/distrito-federal/casal-oferece-bolos-de-graca-no-df-e-ganha-elogio-de-luciano-huck,Casal oferece bolos de graça no DF e ganha elogio de Luciano Huck,21/02/2021 13:01:16
https://www.metropoles.com/distrito-federal/raio-derruba-arvore-mata-tres-caes-e-deixa-homem-ferido-no-df,Raio derruba árvore mata três cães e deixa homem ferido no DF,21/02/2021 12:01:37
https://www.metropoles.com/distrito-federal/hospital-de-base-vai-ampliar-atendimento-a-pacientes-com-cancer,Hospital de Base vai ampliar atendimento a pacientes com câncer,21/02/2021 06:00:28
https://www.metropoles.com/distrito-federal/df-dom-juan-da-golpe-em-mulher-e-compra-fazenda-usando-nome-de-morto,DF: Dom Juan dá golpe em mulher e compra fazenda usando nome de morto,21/02/2021 04:45:34
https://www.metropoles.com/distrito-federal/iges-df-demite-profissionais-de-saude-apos-troca-de-gestao,Iges-DF demite profissionais de saúde após troca de gestão,21/02/2021 04:45:32
https://www.metropoles.com/colunas/janela-indiscreta/saude-do-df-receitou-97-mil-comprimidos-de-cloroquina-na-pandemia,Saúde do DF receitou 97 mil comprimidos de cloroquina na pandemia,21/02/2021 04:44:42
https://www.metropoles.com/distrito-federal/morre-fausto-dabbadia-silva-tabeliao-pioneiro-de-brasilia,Morre Fausto D&#8217;Abbadia Silva tabelião pioneiro de Brasília,20/02/2021 23:40:43
